               epoch,      train/box_loss,      train/obj_loss,      train/cls_loss,   metrics/precision,      metrics/recall,     metrics/mAP_0.5,metrics/mAP_0.5:0.95,        val/box_loss,        val/obj_loss,        val/cls_loss,               x/lr0,               x/lr1,               x/lr2
                   0,             0.10703,            0.035434,            0.043475,             0.15482,             0.19627,             0.08589,            0.021968,            0.090342,            0.026787,            0.039157,            0.070769,           0.0032479,           0.0032479
                   1,            0.079558,            0.032447,            0.034544,             0.16676,             0.39827,             0.13794,            0.043952,            0.092611,            0.025655,             0.03219,            0.040744,           0.0065557,           0.0065557
                   2,            0.076937,            0.027117,             0.03075,              0.2268,             0.56501,             0.29911,            0.097965,            0.082093,            0.016676,            0.029065,            0.010693,           0.0098378,           0.0098378
                   3,            0.070877,            0.024927,            0.027647,             0.36318,             0.48634,             0.50593,             0.14319,            0.071252,             0.01589,            0.025439,            0.009884,            0.009884,            0.009884
                   4,            0.062049,            0.022437,            0.024807,             0.35908,             0.80978,             0.54599,               0.192,             0.06698,            0.015564,            0.021445,            0.009884,            0.009884,            0.009884
                   5,            0.056542,            0.020867,             0.02167,             0.59354,             0.82854,             0.78447,             0.28964,             0.05358,            0.013683,            0.019049,           0.0098453,           0.0098453,           0.0098453
                   6,            0.053419,            0.020485,            0.019795,             0.75676,             0.85316,             0.84159,             0.34508,            0.057741,            0.013479,            0.016438,           0.0098066,           0.0098066,           0.0098066
                   7,            0.051447,             0.01925,            0.017122,             0.82633,             0.91633,             0.93207,              0.5882,             0.04264,            0.011644,            0.013924,            0.009768,            0.009768,            0.009768
                   8,            0.048627,            0.018981,            0.015202,              0.8644,             0.93924,             0.94784,             0.57197,            0.046968,            0.011884,            0.011794,           0.0097293,           0.0097293,           0.0097293
                   9,             0.04744,            0.018754,            0.012917,             0.94625,             0.91932,             0.98657,             0.56757,            0.046168,            0.011404,             0.01027,           0.0096906,           0.0096906,           0.0096906
                  10,            0.045496,            0.018692,            0.011684,             0.92607,             0.93605,              0.9783,             0.54963,            0.042173,            0.011653,           0.0095055,            0.009652,            0.009652,            0.009652
                  11,            0.043284,            0.017328,            0.011472,             0.89952,             0.93822,             0.97315,             0.68675,            0.035727,            0.011076,           0.0089844,           0.0096133,           0.0096133,           0.0096133
                  12,            0.043278,            0.017458,            0.010252,             0.98109,             0.96459,             0.98636,             0.59126,            0.038886,            0.011198,           0.0080803,           0.0095746,           0.0095746,           0.0095746
                  13,            0.042078,            0.017777,            0.010182,             0.96563,             0.96836,              0.9906,             0.67115,            0.035216,            0.010547,           0.0077091,           0.0095359,           0.0095359,           0.0095359
                  14,             0.04273,             0.01691,           0.0097898,             0.91664,             0.97137,             0.97452,             0.71706,              0.0336,            0.010598,           0.0076477,           0.0094973,           0.0094973,           0.0094973
                  15,            0.041561,            0.017151,           0.0097283,              0.9835,             0.97336,             0.99203,             0.54563,             0.04435,            0.011234,           0.0076336,           0.0094586,           0.0094586,           0.0094586
                  16,            0.040846,            0.017004,           0.0091829,             0.98448,             0.97012,             0.99001,             0.74719,            0.031215,             0.01019,           0.0073586,           0.0094199,           0.0094199,           0.0094199
                  17,            0.038775,            0.016289,           0.0091784,             0.98815,             0.98925,             0.99344,             0.75958,            0.032684,            0.010056,           0.0072208,           0.0093813,           0.0093813,           0.0093813
                  18,            0.039748,            0.016799,           0.0091637,             0.96514,             0.97039,             0.99097,             0.74325,            0.030319,            0.010077,            0.006918,           0.0093426,           0.0093426,           0.0093426
                  19,            0.039471,            0.016359,           0.0092519,             0.98396,             0.98974,             0.99338,             0.64125,            0.038684,            0.010589,           0.0070385,           0.0093039,           0.0093039,           0.0093039
                  20,            0.038059,            0.016232,           0.0081594,             0.96564,             0.98035,               0.989,             0.77723,            0.031482,           0.0099402,           0.0070122,           0.0092652,           0.0092652,           0.0092652
                  21,            0.037027,            0.016133,            0.008478,             0.98533,             0.96434,             0.99105,             0.66862,            0.038373,            0.010799,            0.006707,           0.0092266,           0.0092266,           0.0092266
                  22,            0.037904,            0.016498,           0.0090392,             0.98347,             0.98171,             0.99452,             0.65868,            0.033955,           0.0099862,            0.006818,           0.0091879,           0.0091879,           0.0091879
                  23,            0.037272,             0.01566,           0.0079677,             0.99209,              0.9829,              0.9946,             0.78557,            0.027236,           0.0095188,           0.0065723,           0.0091492,           0.0091492,           0.0091492
                  24,            0.037353,            0.016092,           0.0083645,             0.99347,             0.98617,             0.99349,             0.77189,            0.029232,           0.0095268,            0.006657,           0.0091105,           0.0091105,           0.0091105
                  25,            0.035888,            0.015167,           0.0079488,             0.98735,             0.97689,             0.99218,             0.76864,            0.030388,           0.0095059,           0.0063255,           0.0090719,           0.0090719,           0.0090719
                  26,            0.036244,            0.015564,           0.0084392,             0.98061,             0.97217,             0.98801,             0.77674,            0.029629,           0.0096767,           0.0062977,           0.0090332,           0.0090332,           0.0090332
                  27,            0.036117,            0.016146,           0.0076034,             0.99935,             0.98422,             0.99319,             0.69935,            0.033765,           0.0098854,           0.0063629,           0.0089945,           0.0089945,           0.0089945
                  28,            0.036351,            0.015604,           0.0079133,             0.99281,             0.97461,             0.99212,             0.78739,            0.027749,           0.0094289,           0.0063354,           0.0089559,           0.0089559,           0.0089559
                  29,            0.034682,            0.015162,           0.0074195,             0.99536,             0.97959,             0.99198,             0.78211,            0.029289,           0.0093528,           0.0063644,           0.0089172,           0.0089172,           0.0089172
                  30,             0.03492,             0.01505,           0.0078145,             0.98619,             0.98481,              0.9913,             0.78298,            0.028587,           0.0093237,           0.0062622,           0.0088785,           0.0088785,           0.0088785
                  31,            0.035553,            0.015326,           0.0077855,             0.99111,             0.98372,             0.99214,             0.71102,            0.032955,           0.0097146,            0.005941,           0.0088398,           0.0088398,           0.0088398
                  32,            0.034696,            0.014963,           0.0076264,             0.98161,             0.98617,             0.99215,             0.78187,            0.025918,           0.0089672,           0.0061562,           0.0088012,           0.0088012,           0.0088012
                  33,            0.032859,            0.014926,           0.0077923,              0.9824,             0.98508,             0.99244,             0.78105,            0.027619,           0.0092367,           0.0060883,           0.0087625,           0.0087625,           0.0087625
                  34,            0.033273,            0.014664,           0.0073874,             0.98846,             0.98365,             0.99337,             0.78624,            0.028806,           0.0093576,           0.0059307,           0.0087238,           0.0087238,           0.0087238
                  35,            0.033367,             0.01461,           0.0072754,             0.99444,             0.98617,             0.99141,             0.77146,            0.028434,           0.0092895,           0.0060143,           0.0086852,           0.0086852,           0.0086852
                  36,            0.034158,            0.014589,           0.0074163,             0.98705,             0.98775,             0.99341,              0.7373,            0.029686,           0.0098274,           0.0058361,           0.0086465,           0.0086465,           0.0086465
                  37,            0.033688,            0.014903,           0.0074693,             0.98431,             0.98713,             0.99323,              0.8013,            0.027301,           0.0092822,           0.0057137,           0.0086078,           0.0086078,           0.0086078
                  38,            0.032136,            0.013939,           0.0070457,             0.99191,             0.98883,             0.99274,             0.79642,            0.028453,           0.0093689,           0.0057941,           0.0085691,           0.0085691,           0.0085691
                  39,            0.031949,            0.013933,           0.0069808,             0.99266,             0.98792,             0.99191,             0.79829,            0.027367,           0.0090578,           0.0058376,           0.0085305,           0.0085305,           0.0085305
                  40,            0.031929,              0.0147,           0.0074196,             0.99221,               0.983,              0.9912,             0.80885,            0.026586,           0.0091287,           0.0058624,           0.0084918,           0.0084918,           0.0084918
                  41,            0.032144,            0.014177,           0.0071594,             0.98674,             0.98513,              0.9922,             0.79187,            0.026923,           0.0089595,           0.0055035,           0.0084531,           0.0084531,           0.0084531
                  42,            0.032151,            0.014241,           0.0072984,             0.99572,             0.98617,             0.99175,              0.8179,            0.024739,           0.0086831,           0.0055233,           0.0084145,           0.0084145,           0.0084145
                  43,            0.031869,            0.013658,           0.0068611,             0.99587,             0.98376,             0.99266,             0.76412,            0.027553,           0.0091191,           0.0054211,           0.0083758,           0.0083758,           0.0083758
                  44,            0.032412,            0.014169,           0.0069747,             0.99372,             0.98617,              0.9912,             0.80912,            0.026692,           0.0088386,           0.0055607,           0.0083371,           0.0083371,           0.0083371
                  45,            0.032061,            0.014163,           0.0069912,             0.99364,             0.98617,             0.99196,             0.80368,            0.026249,           0.0090546,           0.0055367,           0.0082984,           0.0082984,           0.0082984
                  46,            0.031894,             0.01402,           0.0069401,             0.99451,             0.98605,             0.99245,             0.79384,            0.025728,           0.0086517,           0.0054222,           0.0082598,           0.0082598,           0.0082598
                  47,            0.031781,            0.014363,           0.0065948,             0.99392,             0.98617,             0.99282,             0.78937,            0.026588,           0.0087947,           0.0053555,           0.0082211,           0.0082211,           0.0082211
                  48,              0.0316,            0.014363,           0.0067494,              0.9899,             0.98617,             0.99111,             0.80587,            0.025452,           0.0086267,           0.0054413,           0.0081824,           0.0081824,           0.0081824
                  49,            0.030537,             0.01405,           0.0065235,              0.9951,             0.98408,             0.99168,             0.77862,            0.026773,            0.009061,           0.0052467,           0.0081437,           0.0081437,           0.0081437
                  50,            0.030011,            0.013924,            0.006604,             0.99193,             0.98617,             0.99337,               0.775,            0.025564,           0.0087008,           0.0055454,           0.0081051,           0.0081051,           0.0081051
                  51,            0.030552,            0.013375,           0.0067765,             0.99339,             0.98701,             0.99238,             0.81885,            0.025685,           0.0086218,           0.0051846,           0.0080664,           0.0080664,           0.0080664
                  52,            0.030248,             0.01301,           0.0066371,             0.99513,             0.98272,             0.99242,             0.73877,            0.028878,           0.0092089,           0.0054836,           0.0080277,           0.0080277,           0.0080277
                  53,            0.029951,            0.013558,           0.0067323,             0.99328,             0.98025,             0.99271,             0.79688,            0.025754,           0.0085965,           0.0051994,           0.0079891,           0.0079891,           0.0079891
                  54,             0.03019,            0.013421,           0.0063466,             0.99013,             0.98465,             0.99185,             0.81417,            0.023939,           0.0086045,           0.0051727,           0.0079504,           0.0079504,           0.0079504
                  55,            0.030909,            0.014466,           0.0070597,             0.98976,             0.98423,             0.99196,             0.79082,            0.024625,           0.0088229,           0.0050564,           0.0079117,           0.0079117,           0.0079117
                  56,            0.030429,            0.013791,           0.0062967,             0.99637,             0.98631,             0.99089,             0.82153,            0.024011,           0.0084506,           0.0052193,            0.007873,            0.007873,            0.007873
                  57,            0.029368,            0.013245,           0.0066499,             0.99245,             0.98714,             0.99125,             0.79727,            0.025849,           0.0087774,           0.0051067,           0.0078344,           0.0078344,           0.0078344
                  58,            0.029589,            0.013611,           0.0063276,             0.99522,              0.9859,             0.99178,             0.76355,            0.027187,           0.0093185,           0.0050014,           0.0077957,           0.0077957,           0.0077957
                  59,            0.030284,            0.013697,           0.0066964,             0.99277,             0.98367,             0.99215,             0.81894,             0.02455,           0.0087999,           0.0050266,            0.007757,            0.007757,            0.007757
                  60,            0.028582,             0.01308,           0.0064227,             0.98743,             0.98617,             0.99298,             0.81475,            0.024617,           0.0084446,           0.0051701,           0.0077184,           0.0077184,           0.0077184
                  61,            0.028554,            0.013193,            0.006484,             0.99127,             0.97655,             0.99075,             0.82306,            0.023107,           0.0084014,           0.0054039,           0.0076797,           0.0076797,           0.0076797
                  62,            0.028897,            0.013104,           0.0064284,             0.99223,             0.98617,              0.9905,             0.82158,            0.023422,           0.0084599,           0.0049824,            0.007641,            0.007641,            0.007641
                  63,            0.028802,            0.013814,           0.0063453,             0.99042,             0.98333,             0.99304,             0.80806,            0.025307,           0.0084764,           0.0049816,           0.0076023,           0.0076023,           0.0076023
                  64,            0.027943,            0.012997,           0.0065621,             0.98698,             0.98178,             0.99257,             0.80644,            0.025319,           0.0081734,           0.0051628,           0.0075637,           0.0075637,           0.0075637
                  65,            0.029349,            0.013198,           0.0067916,             0.99419,             0.98241,             0.99305,             0.79168,            0.024639,            0.008312,           0.0050716,            0.007525,            0.007525,            0.007525
                  66,            0.029117,            0.013043,            0.006511,             0.99092,             0.98617,             0.99198,             0.81232,            0.023428,           0.0085614,           0.0049797,           0.0074863,           0.0074863,           0.0074863
                  67,             0.02914,            0.013885,           0.0068417,             0.98557,             0.98762,             0.99328,             0.82897,            0.024102,           0.0083261,           0.0050728,           0.0074477,           0.0074477,           0.0074477
                  68,            0.029101,            0.013466,            0.006434,             0.99117,             0.98447,              0.9934,              0.8013,            0.024002,           0.0081383,           0.0050333,            0.007409,            0.007409,            0.007409
                  69,            0.027772,            0.012517,           0.0062785,             0.99691,             0.98257,              0.9937,             0.81808,            0.023517,           0.0080481,           0.0050335,           0.0073703,           0.0073703,           0.0073703
                  70,            0.028353,            0.013125,           0.0064539,             0.99792,             0.98404,             0.99319,             0.82802,            0.022918,           0.0078333,           0.0051403,           0.0073316,           0.0073316,           0.0073316
                  71,            0.027926,            0.013021,           0.0061756,             0.99747,             0.98579,             0.99401,             0.80642,            0.023365,           0.0080255,           0.0049812,            0.007293,            0.007293,            0.007293
                  72,            0.028803,            0.013308,           0.0064816,             0.99645,             0.98593,             0.99283,             0.82741,            0.022539,           0.0081198,           0.0050102,           0.0072543,           0.0072543,           0.0072543
                  73,            0.027926,            0.012982,           0.0062855,             0.99185,             0.98617,             0.99155,             0.81087,            0.022981,           0.0084429,            0.005006,           0.0072156,           0.0072156,           0.0072156
                  74,             0.02704,            0.012437,           0.0061474,             0.99683,             0.98617,             0.99309,             0.83071,            0.022323,           0.0079119,            0.005077,            0.007177,            0.007177,            0.007177
                  75,            0.027593,            0.013065,           0.0059695,             0.99687,              0.9801,             0.99269,             0.81645,            0.023184,           0.0080557,           0.0048573,           0.0071383,           0.0071383,           0.0071383
                  76,            0.027225,            0.012551,           0.0061672,               0.997,             0.97937,             0.99268,             0.83055,            0.023512,            0.008034,           0.0048393,           0.0070996,           0.0070996,           0.0070996
                  77,             0.02647,            0.012521,           0.0062989,             0.99588,             0.98424,               0.994,             0.82528,            0.022944,           0.0079228,           0.0047916,           0.0070609,           0.0070609,           0.0070609
                  78,            0.027081,            0.012276,           0.0061871,             0.99634,             0.98133,             0.99381,             0.82228,             0.02285,           0.0079884,           0.0048756,           0.0070223,           0.0070223,           0.0070223
                  79,            0.027734,            0.013174,           0.0058883,             0.99361,             0.97953,             0.99394,             0.84083,            0.022254,           0.0077628,           0.0047874,           0.0069836,           0.0069836,           0.0069836
                  80,            0.027526,            0.012393,           0.0061976,             0.99621,             0.98415,             0.99357,             0.82589,            0.022935,           0.0078228,            0.004784,           0.0069449,           0.0069449,           0.0069449
                  81,            0.026786,            0.012473,           0.0059574,             0.99393,             0.98617,             0.99332,             0.83322,            0.021792,           0.0077608,           0.0049362,           0.0069063,           0.0069063,           0.0069063
                  82,            0.027061,            0.012685,           0.0061482,             0.99598,             0.98617,             0.99353,             0.83483,            0.022585,           0.0078349,           0.0048615,           0.0068676,           0.0068676,           0.0068676
                  83,            0.027357,             0.01282,           0.0060525,              0.9959,             0.98278,             0.99322,             0.83046,            0.022804,           0.0079433,           0.0048256,           0.0068289,           0.0068289,           0.0068289
                  84,            0.027233,            0.012133,             0.00654,             0.99689,             0.98726,             0.99391,             0.83328,            0.023003,           0.0079485,           0.0047642,           0.0067902,           0.0067902,           0.0067902
                  85,            0.026476,            0.011989,           0.0059909,             0.99439,             0.98127,             0.99045,             0.82072,            0.023631,           0.0082213,           0.0047205,           0.0067516,           0.0067516,           0.0067516
                  86,            0.026578,            0.012576,           0.0059048,             0.99743,             0.97329,             0.98795,             0.81807,            0.022661,              0.0082,           0.0047262,           0.0067129,           0.0067129,           0.0067129
                  87,            0.026144,            0.012466,            0.005824,              0.9953,             0.98541,             0.99341,             0.84086,             0.02218,           0.0077443,           0.0048002,           0.0066742,           0.0066742,           0.0066742
                  88,            0.026784,            0.012248,           0.0057775,             0.99213,              0.9785,             0.99275,             0.82315,            0.023332,           0.0079884,            0.004685,           0.0066355,           0.0066355,           0.0066355
                  89,            0.026227,            0.012806,           0.0059597,             0.99678,             0.98219,             0.99387,             0.83626,            0.021329,           0.0075766,           0.0046791,           0.0065969,           0.0065969,           0.0065969
                  90,            0.025141,            0.012073,           0.0057059,             0.99423,             0.98702,             0.99409,             0.83082,            0.022295,           0.0076246,           0.0046661,           0.0065582,           0.0065582,           0.0065582
                  91,             0.02588,            0.011956,           0.0059977,             0.98614,             0.99433,             0.99419,             0.83913,            0.022226,           0.0076049,           0.0046951,           0.0065195,           0.0065195,           0.0065195
                  92,            0.025721,             0.01177,           0.0060281,             0.99027,             0.98948,             0.99404,             0.84006,            0.021511,            0.007457,           0.0047253,           0.0064809,           0.0064809,           0.0064809
                  93,            0.026079,            0.012368,           0.0060669,             0.99674,             0.98617,             0.99392,              0.8371,            0.023073,           0.0077507,           0.0046728,           0.0064422,           0.0064422,           0.0064422
                  94,            0.026139,            0.012462,           0.0059104,             0.99688,             0.98891,             0.99405,             0.84284,            0.021617,            0.007401,            0.004615,           0.0064035,           0.0064035,           0.0064035
                  95,            0.025018,            0.011835,           0.0057352,             0.99647,             0.98947,             0.99445,             0.83473,            0.021891,           0.0075311,            0.004615,           0.0063648,           0.0063648,           0.0063648
                  96,            0.025244,            0.012288,           0.0056858,              0.9965,             0.99107,              0.9945,             0.83274,            0.021427,           0.0073994,           0.0045538,           0.0063262,           0.0063262,           0.0063262
                  97,            0.025334,            0.012106,           0.0061875,             0.99443,             0.98909,             0.99447,             0.83768,            0.021305,           0.0075613,           0.0045498,           0.0062875,           0.0062875,           0.0062875
                  98,            0.025186,            0.011905,           0.0058369,             0.99395,             0.98261,             0.99458,             0.83978,            0.021809,           0.0075073,           0.0046444,           0.0062488,           0.0062488,           0.0062488
                  99,            0.025652,            0.012082,           0.0057865,             0.99277,             0.98827,              0.9935,             0.84397,            0.020925,           0.0074264,           0.0045353,           0.0062102,           0.0062102,           0.0062102
                 100,            0.025526,            0.012481,           0.0056045,             0.99766,             0.97436,             0.99051,             0.83666,            0.022015,           0.0077165,           0.0046545,           0.0061715,           0.0061715,           0.0061715
                 101,            0.025118,            0.011838,           0.0058737,             0.99844,             0.97645,             0.98705,             0.83592,            0.021255,           0.0079224,           0.0046072,           0.0061328,           0.0061328,           0.0061328
                 102,            0.025497,            0.012489,           0.0054055,             0.99112,             0.97708,              0.9865,             0.83362,            0.021669,           0.0083499,           0.0045998,           0.0060941,           0.0060941,           0.0060941
                 103,            0.024681,            0.011786,           0.0056844,             0.99497,             0.97426,             0.98936,             0.83258,            0.021791,           0.0080424,            0.004619,           0.0060555,           0.0060555,           0.0060555
                 104,            0.024457,            0.011527,           0.0055319,             0.99638,             0.97535,             0.98923,             0.83782,            0.021309,           0.0078841,           0.0046844,           0.0060168,           0.0060168,           0.0060168
                 105,             0.02351,            0.011157,           0.0054419,             0.99529,             0.97708,             0.99163,             0.84144,            0.021724,           0.0078889,           0.0045389,           0.0059781,           0.0059781,           0.0059781
                 106,            0.024969,            0.011725,           0.0055878,             0.99466,              0.9829,             0.99419,             0.84229,            0.021124,           0.0074626,           0.0045328,           0.0059395,           0.0059395,           0.0059395
                 107,              0.0247,             0.01143,           0.0055623,             0.99311,             0.99107,             0.99453,             0.85142,            0.020838,           0.0074711,           0.0045136,           0.0059008,           0.0059008,           0.0059008
                 108,            0.025019,            0.011633,           0.0057244,             0.99705,             0.99107,             0.99411,             0.84738,            0.021291,           0.0074816,           0.0045227,           0.0058621,           0.0058621,           0.0058621
                 109,            0.024602,            0.011521,           0.0057956,             0.99492,             0.99287,             0.99421,             0.84375,            0.020823,           0.0073562,           0.0044073,           0.0058234,           0.0058234,           0.0058234
                 110,            0.024196,             0.01149,           0.0056178,             0.98975,             0.99063,             0.99404,             0.85345,            0.020642,           0.0073174,           0.0045296,           0.0057848,           0.0057848,           0.0057848
                 111,            0.024163,            0.011137,           0.0057324,             0.99099,             0.99293,              0.9941,             0.84118,            0.021302,           0.0074445,           0.0045834,           0.0057461,           0.0057461,           0.0057461
                 112,            0.024267,            0.011173,           0.0054994,             0.99263,             0.97754,             0.99405,             0.83872,             0.02098,           0.0075186,           0.0045187,           0.0057074,           0.0057074,           0.0057074
                 113,             0.02367,            0.011102,           0.0055338,             0.99598,             0.98617,             0.99407,             0.84241,            0.021221,           0.0077024,           0.0044832,           0.0056688,           0.0056688,           0.0056688
                 114,            0.023122,             0.01092,            0.005421,              0.9972,             0.98822,             0.99388,             0.84488,            0.021148,            0.007457,           0.0044758,           0.0056301,           0.0056301,           0.0056301
                 115,            0.023618,            0.011241,           0.0057596,             0.99259,             0.99107,             0.99265,             0.85026,            0.020597,           0.0073436,           0.0044764,           0.0055914,           0.0055914,           0.0055914
                 116,            0.023746,             0.01099,           0.0056015,             0.99357,               0.988,             0.99382,             0.84745,            0.020797,           0.0074457,           0.0044455,           0.0055527,           0.0055527,           0.0055527
                 117,            0.022888,            0.011059,           0.0055137,             0.99758,             0.98869,             0.99285,              0.8433,            0.020694,           0.0075597,           0.0044849,           0.0055141,           0.0055141,           0.0055141
                 118,            0.023832,            0.011107,           0.0055015,             0.99558,             0.97903,             0.99193,             0.84778,            0.020578,           0.0077431,           0.0044277,           0.0054754,           0.0054754,           0.0054754
                 119,            0.024142,            0.011813,           0.0057201,             0.99716,             0.97382,             0.98802,             0.82845,             0.02141,           0.0079836,           0.0044188,           0.0054367,           0.0054367,           0.0054367
                 120,            0.023444,            0.010984,           0.0053337,             0.99048,             0.98022,             0.99011,             0.84108,            0.020915,           0.0077628,           0.0044277,            0.005398,            0.005398,            0.005398
                 121,            0.022712,            0.010651,           0.0053958,             0.98909,             0.98475,             0.99228,             0.84177,            0.021549,           0.0078889,           0.0044731,           0.0053594,           0.0053594,           0.0053594
                 122,            0.023152,            0.010712,           0.0055377,             0.99403,             0.97364,              0.9901,              0.8388,            0.021009,           0.0078655,           0.0044245,           0.0053207,           0.0053207,           0.0053207
                 123,            0.024063,            0.011357,            0.005543,             0.99588,             0.97354,             0.98944,             0.84404,            0.020843,            0.007895,           0.0043583,            0.005282,            0.005282,            0.005282
                 124,            0.023516,            0.011426,           0.0058991,             0.99451,             0.98614,             0.99414,             0.84339,             0.02124,           0.0076613,            0.004388,           0.0052434,           0.0052434,           0.0052434
                 125,            0.022779,             0.01108,            0.005453,              0.9969,             0.97955,             0.99136,             0.84585,            0.020819,           0.0076089,           0.0043402,           0.0052047,           0.0052047,           0.0052047
                 126,            0.022781,            0.011038,           0.0055068,             0.99769,             0.98555,             0.99297,             0.84381,            0.021078,           0.0077781,           0.0043823,            0.005166,            0.005166,            0.005166
                 127,            0.023625,            0.011101,           0.0057999,             0.99724,             0.98541,             0.99322,             0.84361,            0.020883,           0.0075952,           0.0043497,           0.0051273,           0.0051273,           0.0051273
                 128,            0.023824,            0.011631,           0.0053172,             0.99696,             0.98448,             0.99338,             0.84272,            0.020424,           0.0072781,           0.0042913,           0.0050887,           0.0050887,           0.0050887
                 129,            0.022982,            0.011101,           0.0053049,             0.99755,             0.98735,             0.99419,             0.85516,             0.02019,           0.0073204,           0.0043329,             0.00505,             0.00505,             0.00505
                 130,            0.022208,            0.010663,            0.005659,              0.9968,              0.9768,             0.99266,             0.85464,            0.019947,           0.0073877,           0.0043243,           0.0050113,           0.0050113,           0.0050113
                 131,            0.022847,            0.010669,           0.0052182,             0.99736,              0.9726,              0.9904,             0.84932,            0.020174,           0.0076822,           0.0043051,           0.0049727,           0.0049727,           0.0049727
                 132,            0.022739,            0.010556,           0.0053624,             0.99636,             0.97752,             0.99211,             0.84819,            0.019975,           0.0075106,           0.0043139,            0.004934,            0.004934,            0.004934
                 133,             0.02233,             0.01055,            0.005474,             0.99313,             0.98304,             0.99394,             0.84087,            0.021594,           0.0076065,            0.004285,           0.0048953,           0.0048953,           0.0048953
                 134,            0.022218,            0.010345,           0.0051399,              0.9961,             0.97915,              0.9924,             0.84959,              0.0209,           0.0075807,           0.0041975,           0.0048566,           0.0048566,           0.0048566
                 135,            0.023318,            0.010977,            0.005431,             0.99646,             0.97857,             0.99393,             0.85473,            0.020147,           0.0072724,           0.0042393,            0.004818,            0.004818,            0.004818
                 136,              0.0224,            0.010944,           0.0054044,             0.99554,             0.97162,             0.99197,             0.85198,            0.020581,           0.0073619,           0.0042179,           0.0047793,           0.0047793,           0.0047793
                 137,             0.02235,            0.010621,           0.0055947,             0.99146,             0.98082,             0.99347,             0.85269,            0.020003,           0.0073123,           0.0042999,           0.0047406,           0.0047406,           0.0047406
                 138,              0.0218,            0.010456,           0.0053782,             0.99116,             0.98937,             0.99423,             0.86151,            0.019861,           0.0070734,           0.0042543,            0.004702,            0.004702,            0.004702
                 139,            0.022595,            0.010828,           0.0055607,             0.99343,             0.98879,             0.99351,             0.85398,            0.020075,           0.0071244,           0.0042288,           0.0046633,           0.0046633,           0.0046633
                 140,            0.022172,            0.010195,           0.0051589,             0.98343,             0.99284,             0.99397,             0.85475,            0.020684,            0.007324,           0.0042685,           0.0046246,           0.0046246,           0.0046246
                 141,            0.022156,            0.010864,              0.0054,              0.9966,             0.98006,             0.99326,             0.85521,            0.020281,           0.0072672,           0.0042843,           0.0045859,           0.0045859,           0.0045859
                 142,             0.02167,            0.010684,           0.0054356,             0.99639,             0.98718,             0.99364,             0.85838,            0.020209,           0.0071491,           0.0043104,           0.0045473,           0.0045473,           0.0045473
                 143,            0.023027,            0.010997,           0.0055749,             0.99183,             0.98976,             0.99324,             0.84978,             0.02024,           0.0073575,           0.0042824,           0.0045086,           0.0045086,           0.0045086
                 144,            0.022118,            0.010781,           0.0052639,             0.99736,             0.97484,             0.98869,             0.85116,            0.020295,           0.0076564,           0.0042305,           0.0044699,           0.0044699,           0.0044699
                 145,             0.02181,             0.01046,           0.0052093,             0.99682,             0.97245,             0.99029,             0.85186,            0.020361,           0.0075255,           0.0042503,           0.0044313,           0.0044313,           0.0044313
                 146,            0.021303,             0.01044,           0.0050732,              0.9964,             0.97545,             0.98854,             0.84407,            0.020348,           0.0078059,           0.0042841,           0.0043926,           0.0043926,           0.0043926
                 147,            0.022464,            0.010762,           0.0053959,             0.99675,             0.97481,             0.98823,             0.84465,            0.020591,           0.0077197,             0.00422,           0.0043539,           0.0043539,           0.0043539
                 148,            0.022051,            0.010715,            0.005358,             0.99663,             0.97571,             0.98663,             0.84889,            0.019978,           0.0077173,            0.004213,           0.0043152,           0.0043152,           0.0043152
                 149,            0.021961,            0.010561,            0.005061,             0.99538,             0.97486,             0.98906,             0.84976,            0.020162,           0.0077531,           0.0041901,           0.0042766,           0.0042766,           0.0042766
                 150,            0.021092,           0.0099708,           0.0051415,             0.99606,              0.9756,             0.98926,             0.84996,            0.020039,           0.0075106,            0.004162,           0.0042379,           0.0042379,           0.0042379
                 151,            0.022097,            0.010315,           0.0054492,             0.98597,              0.9897,             0.99359,             0.85453,            0.019743,           0.0071475,           0.0042095,           0.0041992,           0.0041992,           0.0041992
                 152,            0.021199,            0.010394,           0.0053785,             0.99512,             0.97108,              0.9914,              0.8576,            0.019679,            0.007216,           0.0041811,           0.0041605,           0.0041605,           0.0041605
                 153,            0.021569,            0.010365,           0.0053337,             0.99031,              0.9885,             0.99379,             0.86087,            0.020197,           0.0072438,           0.0042236,           0.0041219,           0.0041219,           0.0041219
                 154,            0.021177,            0.010169,           0.0053803,             0.99647,              0.9851,             0.99422,             0.85487,            0.019805,           0.0071242,           0.0041273,           0.0040832,           0.0040832,           0.0040832
                 155,            0.020928,           0.0099226,           0.0051127,             0.99704,             0.98538,             0.99377,              0.8577,             0.01954,           0.0071467,           0.0042284,           0.0040445,           0.0040445,           0.0040445
                 156,            0.021112,            0.010048,           0.0053364,             0.99793,             0.97905,             0.99342,             0.85781,            0.019702,           0.0071834,           0.0042917,           0.0040059,           0.0040059,           0.0040059
                 157,            0.021784,            0.010539,            0.005457,             0.99723,             0.98054,             0.99386,             0.85813,            0.020028,           0.0071528,           0.0042055,           0.0039672,           0.0039672,           0.0039672
                 158,            0.021712,            0.010028,           0.0051824,             0.99235,             0.98502,             0.99307,             0.85874,            0.019712,           0.0072241,           0.0041409,           0.0039285,           0.0039285,           0.0039285
                 159,             0.02109,           0.0097498,           0.0052309,             0.99441,             0.97752,             0.99279,             0.85785,            0.019563,           0.0073107,           0.0041981,           0.0038898,           0.0038898,           0.0038898
                 160,            0.021009,            0.009795,           0.0053206,             0.99379,              0.9751,             0.99143,             0.85465,            0.019745,            0.007407,           0.0042086,           0.0038512,           0.0038512,           0.0038512
                 161,            0.021058,            0.010159,           0.0054506,             0.99206,             0.97819,             0.99228,             0.85958,            0.019929,            0.007289,            0.004225,           0.0038125,           0.0038125,           0.0038125
                 162,            0.021202,            0.010077,           0.0051141,              0.9918,             0.99214,             0.99406,              0.8597,            0.019728,           0.0071645,             0.00418,           0.0037738,           0.0037738,           0.0037738
                 163,            0.021065,            0.010313,           0.0049558,              0.9968,             0.98763,             0.99397,             0.86455,            0.019644,           0.0070057,            0.004125,           0.0037352,           0.0037352,           0.0037352
                 164,            0.020502,            0.010163,           0.0051525,             0.99564,             0.98617,             0.99397,             0.85989,            0.019463,           0.0070528,            0.004178,           0.0036965,           0.0036965,           0.0036965
                 165,            0.020141,           0.0095749,           0.0050718,             0.99613,             0.98544,             0.99404,             0.85449,             0.01957,           0.0068927,           0.0041796,           0.0036578,           0.0036578,           0.0036578
                 166,            0.020109,           0.0096912,           0.0052316,             0.99748,             0.98438,             0.99278,             0.86307,            0.019565,           0.0070408,           0.0041748,           0.0036191,           0.0036191,           0.0036191
                 167,             0.02023,           0.0098984,           0.0049102,             0.99797,             0.98353,             0.99237,             0.85692,            0.019486,           0.0071121,           0.0041147,           0.0035805,           0.0035805,           0.0035805
                 168,            0.020761,            0.010046,           0.0052353,             0.99742,             0.98447,             0.99338,             0.85317,            0.019886,           0.0072325,           0.0041544,           0.0035418,           0.0035418,           0.0035418
                 169,            0.020962,           0.0099379,           0.0053471,             0.99381,             0.98751,             0.99362,             0.85757,            0.019708,           0.0072801,           0.0041124,           0.0035031,           0.0035031,           0.0035031
                 170,            0.020471,           0.0094563,           0.0049229,             0.99735,             0.98614,             0.99346,             0.85936,            0.019555,           0.0070931,           0.0040762,           0.0034645,           0.0034645,           0.0034645
                 171,            0.019815,           0.0096975,           0.0051965,             0.99879,             0.98677,             0.99369,             0.85696,            0.019575,           0.0070645,           0.0040682,           0.0034258,           0.0034258,           0.0034258
                 172,            0.020073,           0.0094943,           0.0049749,             0.99166,             0.97829,             0.99234,               0.857,            0.019376,           0.0073599,           0.0041355,           0.0033871,           0.0033871,           0.0033871
                 173,            0.019895,           0.0096194,           0.0050086,             0.99286,             0.97537,             0.99081,             0.86163,            0.019457,           0.0075722,           0.0041271,           0.0033484,           0.0033484,           0.0033484
                 174,             0.02063,           0.0097997,           0.0053608,             0.99263,             0.97104,             0.98924,             0.85626,            0.019898,           0.0077608,           0.0041288,           0.0033098,           0.0033098,           0.0033098
                 175,            0.020516,           0.0098896,           0.0051598,             0.99328,             0.97101,              0.9865,             0.85512,             0.01972,           0.0077576,           0.0041517,           0.0032711,           0.0032711,           0.0032711
                 176,            0.020346,           0.0095205,           0.0053645,             0.99202,             0.97217,             0.98762,             0.85528,            0.019561,           0.0076508,           0.0041618,           0.0032324,           0.0032324,           0.0032324
                 177,            0.019926,           0.0093284,            0.005062,             0.99219,             0.97217,             0.99036,             0.86138,             0.01932,           0.0073623,           0.0040668,           0.0031938,           0.0031938,           0.0031938
                 178,            0.020136,           0.0095351,           0.0051108,             0.99723,              0.9731,               0.989,             0.85173,            0.019228,           0.0074348,           0.0040489,           0.0031551,           0.0031551,           0.0031551
                 179,            0.020583,           0.0097268,           0.0051192,             0.99596,             0.97217,             0.99125,             0.86418,            0.019317,           0.0073063,           0.0040524,           0.0031164,           0.0031164,           0.0031164
                 180,            0.020124,           0.0097058,           0.0050453,             0.99329,             0.98456,             0.99333,             0.85834,            0.019529,           0.0069847,           0.0040386,           0.0030777,           0.0030777,           0.0030777
                 181,            0.019492,           0.0096715,           0.0048734,             0.99395,             0.97204,             0.99284,             0.85773,              0.0194,           0.0071961,           0.0040129,           0.0030391,           0.0030391,           0.0030391
                 182,            0.019482,           0.0095165,           0.0049929,             0.99466,             0.97198,             0.99275,             0.86111,            0.019245,             0.00732,           0.0039742,           0.0030004,           0.0030004,           0.0030004
                 183,            0.019952,           0.0097028,           0.0051444,              0.9933,             0.98606,             0.99348,             0.85872,            0.019642,           0.0072732,           0.0040068,           0.0029617,           0.0029617,           0.0029617
                 184,            0.019766,           0.0096122,           0.0050879,             0.99153,             0.97771,             0.99317,             0.86278,            0.019327,           0.0073627,            0.004034,            0.002923,            0.002923,            0.002923
                 185,            0.019201,           0.0095979,            0.004961,             0.99737,             0.97148,             0.99118,             0.86208,            0.019202,            0.007405,           0.0040058,           0.0028844,           0.0028844,           0.0028844
                 186,            0.019378,           0.0096269,           0.0049568,             0.99556,             0.98476,             0.99406,             0.86262,            0.019236,           0.0071064,           0.0039608,           0.0028457,           0.0028457,           0.0028457
                 187,            0.019109,           0.0094739,           0.0046561,             0.99684,             0.98477,             0.99414,             0.86025,            0.019363,           0.0069513,           0.0039381,            0.002807,            0.002807,            0.002807
                 188,            0.019404,           0.0093244,           0.0049466,             0.99758,             0.98501,             0.99321,             0.86386,             0.01926,           0.0070311,           0.0039829,           0.0027684,           0.0027684,           0.0027684
                 189,             0.01957,           0.0088757,           0.0051041,             0.99659,             0.98445,             0.99347,             0.85722,            0.019178,           0.0071028,           0.0040262,           0.0027297,           0.0027297,           0.0027297
                 190,            0.019228,           0.0089729,           0.0048321,             0.99377,             0.98439,             0.99383,             0.86284,            0.019179,           0.0069553,           0.0039896,            0.002691,            0.002691,            0.002691
                 191,            0.019694,           0.0091431,           0.0050254,             0.99246,             0.98527,             0.99355,             0.86253,            0.019104,           0.0068929,            0.003973,           0.0026523,           0.0026523,           0.0026523
                 192,            0.018795,           0.0092291,             0.00499,             0.98221,             0.99161,             0.99444,             0.85993,            0.019142,           0.0071362,           0.0039865,           0.0026137,           0.0026137,           0.0026137
                 193,            0.018577,           0.0091351,           0.0048264,             0.99201,             0.98716,              0.9941,             0.86019,            0.019182,           0.0071137,           0.0039705,            0.002575,            0.002575,            0.002575
                 194,            0.018871,           0.0095407,           0.0048937,             0.99399,             0.98541,             0.99406,             0.85676,            0.019223,           0.0071786,           0.0039677,           0.0025363,           0.0025363,           0.0025363
                 195,            0.019459,           0.0089719,           0.0050936,             0.99382,             0.98666,             0.99428,             0.86143,            0.019153,           0.0071101,           0.0039513,           0.0024977,           0.0024977,           0.0024977
                 196,            0.018434,           0.0089343,           0.0045541,             0.99222,             0.98617,             0.99384,             0.86448,            0.018937,            0.006998,           0.0039412,            0.002459,            0.002459,            0.002459
                 197,            0.018736,            0.009052,           0.0048654,             0.99275,             0.98713,             0.99419,             0.86615,            0.018937,           0.0069162,           0.0039223,           0.0024203,           0.0024203,           0.0024203
                 198,            0.019211,           0.0087863,           0.0049708,              0.9925,             0.98786,             0.99446,             0.86454,            0.018965,           0.0070617,           0.0039566,           0.0023816,           0.0023816,           0.0023816
                 199,            0.018953,           0.0090365,           0.0050144,             0.99279,             0.98725,             0.99433,             0.86635,            0.018956,           0.0069348,           0.0039562,            0.002343,            0.002343,            0.002343
                 200,            0.018911,           0.0090695,           0.0049047,             0.99242,             0.98715,             0.99388,             0.86608,            0.019126,           0.0068351,           0.0039461,           0.0023043,           0.0023043,           0.0023043
                 201,            0.017909,           0.0088294,           0.0044695,             0.99227,               0.988,             0.99372,             0.86311,            0.019177,           0.0068332,           0.0039244,           0.0022656,           0.0022656,           0.0022656
                 202,            0.019083,           0.0088717,           0.0049246,             0.99256,             0.98791,             0.99309,              0.8602,            0.019163,           0.0070367,           0.0039246,            0.002227,            0.002227,            0.002227
                 203,            0.018229,           0.0088349,            0.004625,             0.99274,             0.98391,             0.99377,             0.86098,            0.019115,           0.0069219,           0.0039045,           0.0021883,           0.0021883,           0.0021883
                 204,            0.018307,           0.0095508,           0.0046233,             0.99261,             0.98662,             0.99381,             0.86348,            0.019182,           0.0069642,           0.0038679,           0.0021496,           0.0021496,           0.0021496
                 205,            0.019149,            0.008721,           0.0051062,             0.99122,              0.9893,             0.99338,             0.86104,            0.019133,           0.0071032,            0.003883,           0.0021109,           0.0021109,           0.0021109
                 206,            0.019152,           0.0091825,           0.0051043,             0.99321,             0.98712,             0.99297,             0.86388,            0.018993,           0.0070891,           0.0039051,           0.0020723,           0.0020723,           0.0020723
                 207,            0.018295,           0.0087944,            0.004724,             0.99331,             0.98616,             0.99327,             0.86571,            0.019036,           0.0070466,           0.0039318,           0.0020336,           0.0020336,           0.0020336
                 208,            0.018094,           0.0087584,           0.0047889,             0.99371,             0.98679,             0.99384,             0.86547,            0.019116,            0.007125,           0.0039217,           0.0019949,           0.0019949,           0.0019949
                 209,            0.018257,           0.0088957,           0.0046688,              0.9931,             0.98727,             0.99394,             0.86238,            0.019178,           0.0070859,            0.003941,           0.0019563,           0.0019563,           0.0019563
                 210,            0.018208,           0.0086076,           0.0047439,             0.99236,             0.98775,             0.99307,             0.86872,            0.019267,           0.0071548,           0.0039192,           0.0019176,           0.0019176,           0.0019176
                 211,            0.018815,           0.0088478,           0.0049625,             0.99169,             0.98834,             0.99335,              0.8607,            0.019228,           0.0071407,           0.0039099,           0.0018789,           0.0018789,           0.0018789
                 212,            0.018577,           0.0088717,           0.0049722,             0.99332,              0.9875,             0.99358,             0.86813,            0.019002,           0.0070351,           0.0038689,           0.0018402,           0.0018402,           0.0018402
                 213,            0.018293,           0.0083253,           0.0047328,             0.99347,             0.98708,              0.9938,             0.86998,            0.018791,           0.0069179,           0.0038326,           0.0018016,           0.0018016,           0.0018016
                 214,            0.017944,           0.0085812,            0.004845,              0.9939,             0.98526,             0.99394,             0.86797,            0.018843,           0.0069934,           0.0038469,           0.0017629,           0.0017629,           0.0017629
                 215,            0.017614,           0.0084202,           0.0045621,             0.99549,             0.98544,             0.99361,             0.86761,            0.018757,           0.0069054,           0.0038315,           0.0017242,           0.0017242,           0.0017242
                 216,            0.017972,           0.0087901,           0.0047932,             0.99337,             0.98408,             0.99344,             0.86898,            0.018814,           0.0069324,           0.0038519,           0.0016855,           0.0016855,           0.0016855
                 217,            0.018032,           0.0083982,           0.0046202,             0.99254,             0.98425,             0.99323,             0.87241,            0.018793,           0.0069733,           0.0038427,           0.0016469,           0.0016469,           0.0016469
                 218,            0.017706,           0.0086187,           0.0047116,              0.9927,             0.98427,             0.99318,             0.86786,            0.018678,           0.0069712,           0.0038929,           0.0016082,           0.0016082,           0.0016082
                 219,            0.017716,           0.0086599,           0.0046429,             0.99294,             0.98482,             0.99343,             0.87006,            0.018837,           0.0068975,           0.0038736,           0.0015695,           0.0015695,           0.0015695
                 220,            0.018026,            0.008475,           0.0048346,             0.99324,             0.98479,             0.99378,             0.86973,            0.018818,            0.006959,           0.0038195,           0.0015309,           0.0015309,           0.0015309
                 221,            0.018056,           0.0088928,           0.0049953,             0.99325,             0.98466,             0.99378,             0.87063,            0.018804,           0.0069646,           0.0038399,           0.0014922,           0.0014922,           0.0014922
                 222,            0.017994,           0.0082173,           0.0048869,             0.99329,             0.98602,             0.99365,             0.87494,            0.018857,           0.0068802,           0.0038244,           0.0014535,           0.0014535,           0.0014535
                 223,            0.017918,            0.008788,           0.0047307,             0.99255,             0.98617,             0.99334,             0.87066,            0.018782,           0.0069146,           0.0037949,           0.0014148,           0.0014148,           0.0014148
                 224,            0.017448,           0.0083467,            0.004576,             0.99219,             0.98617,             0.99245,             0.86535,            0.018832,            0.007013,           0.0037617,           0.0013762,           0.0013762,           0.0013762
                 225,            0.018154,           0.0083435,           0.0049798,             0.99229,             0.98499,             0.99317,             0.86881,            0.018748,           0.0069165,           0.0037273,           0.0013375,           0.0013375,           0.0013375
                 226,            0.017652,           0.0082792,           0.0046661,             0.99299,             0.98455,             0.99332,             0.86662,            0.018888,           0.0069267,           0.0037413,           0.0012988,           0.0012988,           0.0012988
                 227,            0.017417,           0.0081926,           0.0047182,              0.9931,             0.98488,             0.99334,             0.86825,            0.018811,           0.0069908,           0.0037369,           0.0012602,           0.0012602,           0.0012602
                 228,            0.017931,           0.0085565,           0.0049292,             0.99305,             0.98461,              0.9931,             0.86983,            0.018801,           0.0069823,           0.0037336,           0.0012215,           0.0012215,           0.0012215
                 229,              0.0174,           0.0084276,           0.0045293,             0.99354,             0.98469,             0.99318,             0.87059,             0.01874,           0.0069424,           0.0037399,           0.0011828,           0.0011828,           0.0011828
                 230,            0.017698,           0.0082117,           0.0047764,             0.99349,             0.98546,             0.99315,             0.86413,            0.018837,           0.0070565,           0.0037525,           0.0011441,           0.0011441,           0.0011441
                 231,            0.016945,           0.0082859,           0.0045536,             0.99348,             0.98617,             0.99317,             0.87001,            0.018743,           0.0070524,           0.0037352,           0.0011055,           0.0011055,           0.0011055
                 232,            0.017414,           0.0083977,           0.0046991,             0.99332,             0.98617,             0.99324,             0.86965,            0.018789,           0.0070121,           0.0037304,           0.0010668,           0.0010668,           0.0010668
                 233,            0.017218,           0.0082104,            0.004455,             0.99348,             0.98617,             0.99317,              0.8699,            0.018751,           0.0070041,           0.0037352,           0.0010281,           0.0010281,           0.0010281
                 234,            0.017639,           0.0083608,            0.004614,             0.99378,             0.98617,             0.99313,             0.86724,            0.018702,           0.0069614,           0.0037291,          0.00098945,          0.00098945,          0.00098945
                 235,            0.016396,           0.0082083,           0.0042659,             0.99366,             0.98617,             0.99339,             0.86457,            0.018744,            0.006964,           0.0037189,          0.00095078,          0.00095078,          0.00095078
                 236,             0.01776,           0.0084478,           0.0047268,             0.99437,             0.98617,             0.99384,             0.86678,            0.018788,           0.0069428,           0.0036932,          0.00091211,          0.00091211,          0.00091211
                 237,            0.016855,           0.0077414,           0.0043693,              0.9943,             0.98617,             0.99394,             0.86381,            0.018793,           0.0069414,           0.0037291,          0.00087344,          0.00087344,          0.00087344
                 238,            0.017027,            0.008384,           0.0045908,             0.99325,             0.98617,             0.99365,             0.86559,            0.018751,           0.0070258,           0.0037428,          0.00083477,          0.00083477,          0.00083477
                 239,            0.017249,           0.0081877,           0.0046237,             0.99322,             0.98617,             0.99351,             0.86764,            0.018693,           0.0070003,           0.0037199,          0.00079609,          0.00079609,          0.00079609
                 240,            0.017259,           0.0080185,           0.0045031,             0.99319,             0.98617,             0.99356,             0.87025,             0.01868,           0.0069708,            0.003713,          0.00075742,          0.00075742,          0.00075742
                 241,            0.017019,           0.0080856,            0.004531,             0.99343,             0.98617,             0.99365,              0.8678,            0.018692,           0.0069457,           0.0036963,          0.00071875,          0.00071875,          0.00071875
                 242,            0.017532,           0.0076687,           0.0046597,             0.99333,             0.98617,             0.99356,             0.86553,            0.018712,           0.0069495,           0.0036751,          0.00068008,          0.00068008,          0.00068008
                 243,             0.01717,           0.0078384,            0.004582,              0.9933,             0.98617,             0.99361,             0.86748,            0.018725,           0.0069324,           0.0036648,          0.00064141,          0.00064141,          0.00064141
                 244,            0.017019,           0.0083341,           0.0045973,               0.993,             0.98617,             0.99374,             0.86959,            0.018655,            0.006911,           0.0036776,          0.00060273,          0.00060273,          0.00060273
                 245,            0.016776,           0.0082052,           0.0043452,              0.9931,             0.98617,             0.99409,             0.86912,            0.018614,           0.0068915,           0.0036749,          0.00056406,          0.00056406,          0.00056406
                 246,            0.017151,           0.0083403,           0.0047337,             0.99321,             0.98617,             0.99423,             0.87236,            0.018587,           0.0068612,           0.0036755,          0.00052539,          0.00052539,          0.00052539
                 247,            0.016733,           0.0081593,           0.0045543,             0.99318,             0.98617,             0.99396,             0.86918,            0.018743,           0.0069076,           0.0036663,          0.00048672,          0.00048672,          0.00048672
                 248,            0.017321,           0.0083447,           0.0046736,             0.99323,             0.98617,             0.99395,             0.86761,            0.018747,           0.0068826,           0.0036617,          0.00044805,          0.00044805,          0.00044805
                 249,            0.017758,           0.0081824,           0.0048824,             0.99337,             0.98608,             0.99393,              0.8713,            0.018779,           0.0068945,           0.0036503,          0.00040938,          0.00040938,          0.00040938
                 250,            0.016965,           0.0081351,           0.0045977,             0.99334,             0.98543,             0.99389,             0.86924,            0.018747,           0.0068997,            0.003653,           0.0003707,           0.0003707,           0.0003707
                 251,            0.016838,           0.0078895,           0.0046055,             0.99332,             0.98555,             0.99375,             0.86705,            0.018659,           0.0068967,            0.003653,          0.00033203,          0.00033203,          0.00033203
                 252,            0.017012,           0.0077352,           0.0045604,             0.99329,             0.98569,             0.99371,             0.86802,            0.018592,           0.0068834,           0.0036558,          0.00029336,          0.00029336,          0.00029336
                 253,            0.017049,           0.0079929,           0.0046631,             0.99349,               0.986,             0.99369,             0.87301,            0.018573,            0.006882,           0.0036524,          0.00025469,          0.00025469,          0.00025469
                 254,            0.017173,           0.0082554,           0.0047131,             0.99364,               0.986,             0.99363,             0.87174,            0.018545,            0.006904,           0.0036453,          0.00021602,          0.00021602,          0.00021602
                 255,            0.016988,           0.0077907,           0.0046521,              0.9934,             0.98617,             0.99363,             0.86923,            0.018591,           0.0069199,           0.0036442,          0.00017734,          0.00017734,          0.00017734
